id_code,diagnosis
e907d23cce3d,0
c5b58cc992af,0
a93f1ea3ff4a,2
211518c46162,4
a8854768549f,0
5671eb95512b,1
650104ede84c,0
bed8296c8dfe,0
57db4781e7ec,0
71e4130bf5c8,2
afc744fad65e,0
cb75210abebe,2
af8aa32beee4,2
0b64a0a06f9a,0
e322acd46152,0
870f433e8f37,0
20688cb25704,2
bb783d8e496f,1
d6b109c82067,0
bd9904495ccd,4
1e1fb019710d,2
b72a86d61959,0
c365c598ad4e,0
cab3dfa7962d,1
bfa30ebf63a8,0
ca360bec5851,2
a15590a7d774,2
e582e56e7942,0
fe674c2f73f5,1
6181aa9f75f4,3
3710ff45299c,0
4a5a6efc0bef,0
bdb98063fe84,2
b960142a8de7,3
91e8af9ceee9,2
2b074afdf626,2
e2856afe62c5,2
97da093947e8,4
b351ae99413a,0
a627eb8c08c5,0
ee059945b08a,2
6966abf40b8c,0
b82d5f1f1145,2
6cffc6c6851a,0
a6b6d27c1b32,0
78bcdffb8785,1
999115d9386b,2
5bf6f2958e53,0
5ce5eeaf757a,0
fa7fa797c650,0
57a5e4274275,0
ae20112e7a1e,0
8bf05909e1e1,0
b8e20c076b03,0
1ab8d3431ffc,0
d95959798b57,2
4abca30b676b,4
24b87f744598,3
99132193eaa0,1
d160ebef4117,0
bda91b76095b,0
869bbd3170cc,2
edceb0657d77,0
191348830ddf,2
dd02d60bef14,0
30db694bee42,0
d1cf31577a59,0
916915f01e17,0
499c8df39222,4
59bd19c1c5bb,0
a790a3b36390,2
7adfb8fc0621,0
6c250a30593b,4
495255c7492f,1
01eb826f6467,2
2fdfb80ea53c,0
b1b3e7d0a5f3,4
83517eaeccb9,0
5b0e53f53ef3,1
f3cd489acbee,2
4beeca5cc859,0
0a902c80d5da,0
ce887b196c23,2
07d8db76b301,2
dc0f6e5b489b,0
200d947f75db,1
c24bcf7a1bc4,0
e9faf0296643,0
7c2f820a6425,2
1a19f2ef4472,0
12058bbb8299,0
ceaa5803d780,2
9a78c6a7b1c2,2
8000a6b97a84,2
29f9e1ac9507,0
bc92a61a1f9c,0
691eeb59b4cb,0
7e0598cc88a0,4
c25e02b39c01,0
df4aec4a0eaf,4
10f36b0239fb,1
8bf2d925dc0c,0
05113073b268,0
f080a22008be,3
e4210e7fe587,3
49419f8d5cb4,2
9e2ba2b979f1,0
4ef16a53d899,0
2d552318eb07,2
4d47300e3ddb,3
e0b5a982a018,3
d39752cb6e57,0
5879285f9d8d,1
905cc86bf100,4
38c7153457e2,0
64bad93fde3f,4
384e6c915722,0
e2a233493b90,1
22098b1fe461,1
50915e2329a1,0
61bbc11fe503,4
07f5d7baf907,0
e540d2e35d15,2
43823561c3f0,0
45ae04cfde5d,2
be8697eb2078,0
5712e2aa73a2,1
0da632ca45e0,0
03ff7d159f10,2
10a5026eb8e6,0
523ff163211b,2
6cb96a6fb029,0
6c3589d7ed8d,0
2ba0b0d9bda2,2
cd9e2190c73f,2
95e732e043a1,4
dfc7ec7db0e0,0
8af6a4e5396f,4
f361060eda3e,0
e6f0ce5bf282,2
bfaa0080ab61,2
840a06a9c690,0
40527a5e95dd,2
eebd1e195952,0
c568e5245ea5,2
fc898dfeb24f,0
27e4c800a449,1
312694ea8e6a,4
bf18ff30a8f6,1
ed88faaa325a,2
ecad6845f630,0
aa841de1ee82,2
dbfd238b3468,3
69b3a00927fc,0
beb2ad14fd2d,0
ef99c499d665,0
374535e0adb8,4
ee3f5cf52188,0
97bf61736b86,2
30941b65348b,1
f3b6b7ca1eb1,2
e9678824215d,0
1da25637859b,2
91b7a4179ecf,0
d26bc6e1230d,0
310c27067ac0,2
5a179c123fd8,0
46d3316c4857,4
537e50fdf22e,3
0fcfc6301f3d,2
1e4650743fa2,2
44ecf3f4efa5,4
1dfe599d12a9,0
0c38940e1f80,0
50840c36f0b4,1
fd0a70082e7c,0
b50b30aa6e6c,1
e4730ddde408,4
8660e1864665,0
38e0e28d35d3,1
36b5b3c9fb32,3
31452ad8808c,2
191a711852bd,3
b9519abce0c1,0
cd8da43e3069,0
d78b7401096f,0
5b804948e35f,1
c64c0966b4cf,0
180afe1d5ef7,2
d2901144070c,4
ef81cd8854cb,0
9f285b3e57ed,0
5d9c841eb245,0
e7291472109b,0
8958a4d17b7e,3
0ada12c0e78f,4
0ca0aee4d57e,2
97c6cb55866d,0
9a28d4e8aef0,2
1b3647865779,0
ef8c39eb9157,0
a721efb1e049,2
b835b6e31a59,0
cc671a73e1cb,0
a82a12ad3fb1,0
3dbc90c7ee7d,1
1638404f385c,4
247ac63e5510,4
79cbae28d8b2,0
a61723fc38c2,0
d0b132d2c7ec,4
c4a8f2fcf6e8,1
56e56aa08362,2
6cbc3dad809c,2
d0d59ed675b5,1
5dd2e26fc244,4
d881c04f01fe,0
7ed4128b2a4e,0
4e8585a96739,0
2821998fc002,0
248139c423c4,1
bcdc8db5423b,2
50d8249f7bc9,0
2682e6da9050,0
7335a2d43ada,1
97a235367f9d,0
92587e494d51,0
c70d09370109,2
bac1744955c2,0
6363b360aefb,2
9e2a8135f471,0
0ceb222f6629,4
a4d41c495666,2
4d17559ac1e2,0
a9dc80cba9a4,0
3fd7df6099e3,2
e26d8718ca58,1
91e82fe4e434,0
a01c590c444f,2
df6d13d04da1,0
a6d45de20e4d,4
e7b5dd5bab1f,0
82910bba4753,2
fa573163dd8b,0
0c43c79e8cfb,0
96c3e3db68bc,2
f00ce9b9d6f4,0
d6dbb0820ea5,0
937bc1b924b1,0
cd45bfa07d41,1
11d8e5eaee5b,0
02685f13cefd,4
e246cd89e1cc,0
4f20f9a9a65b,2
fce93caa4758,4
13063d1bc4ea,2
33b91def2035,0
ad1aa75d5630,0
4dbce359d0e1,2
f6f433f3306f,3
4276b82e4489,0
b05922e7abd3,0
19722bff5a09,1
f42b693a9414,0
77b7b71ebcc3,0
f4ea2a2cfbb9,0
f819c65b803c,0
f47a2a4a0411,1
be7bc89f5fec,2
07a1c7073982,1
91cf56d3d1af,3
75ed83dbccce,0
d659d7fd5ccf,4
d16e39b9d6f0,0
10eefba568dd,2
d838d5b9f571,0
7b8c78b41c0d,2
510aa0a898fa,2
08752092140d,2
eda29a9d78f3,0
3ca12e02dd4e,0
e83d315d8f98,2
6d5a8362dd1e,0
d364423ec6f9,2
389552047476,0
753b14c27c83,4
4c9f0fdaaef7,3
aebe87a423c8,0
0fbbd665431f,0
ffc04fed30e6,0
6107a2e9f60e,0
8be6629a6039,0
c8fc0df22999,1
8a01daa423f7,1
996f57c86ba5,3
7c3747c0b2c3,0
f431f2e119d7,0
582115961a3d,1
dee31065f8fe,0
a3802934bad7,2
0d0b8fc9ab5c,0
8e3b79e1f1f7,2
0684311afdfc,1
0fb560f9adb2,2
842d697884f6,2
62318d514160,4
a02dfd67a925,0
6f0e5848d9ce,0
6b869f37cdf3,2
586f5c56081e,0
4554062fa836,0
85fce24084da,2
bba38f2294a3,4
fa9bece586fc,0
959dc602febc,2
29192375ab1b,0
3f49f8d100e9,3
45369821d6a3,0
6735931000ec,3
7e5a76c4e103,0
8ead8f37423c,0
ed3ce1674761,0
6733544ae7a6,2
bf6cbccacf39,0
388f12e8df0b,2
1f3f32efaf20,0
61f403fdb434,4
94076a9fb9b5,0
7d94a000c2d0,0
75238d945315,0
38e111cac46f,2
99c6a123ed6a,0
b7278b4f2448,1
77a1f1398fdb,0
6bb30ec3231a,0
71c22da3d6c6,0
613bacb35c05,1
1891698febce,0
aa94cc4bfd84,0
c26f98f58350,0
0a38b552372d,0
5db895d3f1fc,0
0a3202889f4d,1
5188a8afa879,2
3232b34cbe99,0
c1799a6f5c65,4
9b418ce42c13,2
ec4649213ccf,1
9f1b14dfa14c,0
8ed586c43023,0
97f290d31813,0
034cb07a550f,4
5c85d22bd0de,0
436e7a7af761,0
ae8424cdb029,2
3323fd59782e,0
9837048b85dc,2
e3e490babc0c,2
b77b88926843,0
02dda30d3acf,4
a87f53bc984a,2
2c9dfc270f1b,0
81d79d53ed7b,0
4489d421e5aa,2
365f8c01d994,1
3cdef7c591cc,0
73881f55a3ec,1
103f97a2ab15,0
a44345b27804,0
4bd941611343,4
d1a60c3b9fe5,0
bf7b4eae7ad0,0
261c6bd63bff,2
47d1603a555b,1
0d8f60ed9280,0
a0e635689259,0
274f5029189b,1
523b3f0fc646,1
a7673ac44509,0
b842b43cb7fb,0
633fe9dbaf39,0
8564b7aa3c1a,0
09934421c79e,0
4c60b10a3a6a,3
a21b37719f9b,2
bd34a0639575,0
789434d095d1,4
d2ffe9287dc7,3
c76664770c07,3
02358b47ea89,0
b7aca95b97b9,0
58ccba7eec9c,1
388279491b5d,0
87d46b1cc4e9,0
f64b6e85f1c9,0
6ba5ed791444,2
1623e8e3adc4,3
912fbe06407e,0
8c87bd748996,2
1ee355480567,0
f55e1d2a19e4,1
cd1c98ec48b1,0
28a4d00927b7,2
d5c63a8d9e94,0
c8905b8d5cf1,2
7102f29e052e,2
902dc5a91a3f,0
03747397839f,2
991a0b7a8c87,0
c6229222bf22,0
b5204c0decc7,0
da8900ac7f29,2
f7508f14dd7b,0
c5431b81cbc9,2
ff4955e76894,0
08b6e3240858,0
152db3de8120,0
65a3b13ad9a0,0
61e301bd3c25,4
573ea80a53be,0
8ee50c26fc13,0
4029d70e9d8a,1
e9f82b5bbaf4,2
e9ff9352ccb3,1
f71333204618,0
ed6704e3b72e,3
1d674e2e32e0,1
b9c7c5182075,0
52230bbef30e,2
c97472ef2c66,0
232549883508,2
a2ad3da4c7d6,2
891392c9683c,2
61c667663f2f,0
a8652b2de23f,2
a76b69e443ce,4
83df53d58f28,0
3a1ecf5e2839,4
3c726de3ee90,1
09eeafa9656a,2
b22354b5f94b,1
4ccee4db09b6,0
b94c58d063bf,1
5b644a403e1f,2
681c3c115684,2
2a08ed6bbcbc,1
66393d8c60ba,0
0bf37ca3156a,4
ab78a66dee6a,0
d2c2f02bb313,4
a9a3225cf4b5,0
2241b7e90782,2
a5c9a8c726b2,4
53273d664cd8,0
bb2f89488ecd,0
5ca73d28f17f,0
f66c4ee86629,0
e0d229db881a,0
3b232b394e4f,4
5321ab64f9ea,0
e65a2ff90494,2
e12f9f19d1be,0
c739ff9580d3,1
bc23f74e14dd,2
9cc6b1f9bcbd,4
abe940882578,0
f0860c21533b,0
eed4afc8ec83,1
a0cd7bffdaa0,4
a62e995f167c,0
eda1d75cbcf0,0
b89938407ee6,2
aa6242f9e08c,0
f7defe70afc3,0
aeb6f4fd2eed,0
b549af91bd30,0
a188c60b93fb,0
13d014ccd136,0
af87d48ffe01,0
69591ebb198d,2
68332fdcaa70,1
f531232ecb55,0
ae94ce412de9,0
803120c5d287,2
be7f791a7877,0
080ee76c958c,4
4036471a1bb7,0
aa31bc6b8f4d,2
e0863b353093,2
2db0cd3e30da,0
b0eeae01b8ab,2
8a234d68b27e,3
ae58ccb5905e,0
ac0a48ccbf70,0
33e7bf536fc5,0
b90bc89ce8d8,4
999ad827ed35,0
10f10fd30718,0
2017cd92c63d,4
0b8bdec9d869,0
33b893e18eb3,1
18d8fdb140b7,2
2d870833c0c9,2
26d9576e8043,0
5777ef74c9ec,1
d4f32b9c07df,1
35cd9832fc0a,0
ce6f33a81ad5,0
28f98cfe3858,1
aad0c0ee9268,2
da1fb35f5df9,1
2c8101f14723,0
a3132c8828e4,0
81371b0c01ad,0
d516f77d4516,0
80d24897669f,1
f7e9fa75c7c1,0
b9bc81fcb075,0
720b5f62ce80,0
7fdb177b8f7d,0
1541226c5d72,2
80ed04a84a16,0
17eb5d4ad740,2
7347f5133a6a,1
6d10709053ae,0
022f820027b8,0
5b1c4cefeb24,0
4393c5bc576a,1
07419eddd6be,2
59f3f70abddd,2
4f0866b90c27,3
d865997a6280,0
a32886cb31ab,1
ef5155990874,0
026dcd9af143,2
242fc19be06f,0
f5c953bee7cd,0
8a81f62320d6,0
883ddb650967,0
0b2ea8f268cf,0
17d997fe1090,0
b99794a0beed,2
5b301a6d1ac7,2
cac80797770f,2
1b862fb6f65d,0
2927665214e1,0
8bc6716c2238,1
60eeae3ba23d,2
83d6e40c869f,2
e5f332efcbc7,0
f901d460517c,3
8b76c3c5cb3e,3
2a3378bcfbcc,2
5e505e25cd3e,0
bc8c6a778cde,0
c7b622ec8104,1
06586082a24d,0
2cfe8703f265,0
f7116e7b2f4e,0
441848e0f308,0
1c6d119c3d70,2
54b322c66d01,0
248dec89b3a2,0
d807c53c1399,0
598b8f5b3822,0
26999ebc21de,2
42b9c1977681,0
2bb3c492d6d3,0
cca626a0e19a,2
bcd503c726ba,4
a9a28c37c8c4,2
c12e9ca420a5,0
f71aca5a7dc3,0
a3957df90a78,2
5265dc9acdf8,2
dad71ba27a9b,4
79540be95177,2
63d217b059b6,2
c5a9ebef1517,3
f64214bed40e,3
32d7d360d891,0
b71428739d4e,1
c9485c38fdd5,1
7f2cce721e19,0
d67374d3fa2a,2
3908b3cfd620,0
af133a85ea0c,1
141735b57ec0,2
2b4c7b5f1f1e,0
30263a7d5609,0
1ab3f1c71a5f,3
8ab8d9b3ce3f,2
1a03a7970337,1
4158c340fa49,0
2e79041ef722,2
a88f68b0b114,2
d9ba044671e1,4
94111ed3d276,1
ff1e940105f9,0
27933cdbe0cc,0
6e092caa065f,0
281d7b7c7676,4
7f1f3269f546,0
f58cdfa968be,0
fcc32dffd24d,0
5173d54fc214,2
5ad3dabeb2cd,0
c38dec54a9f7,0
b5834ee64541,3
4704dbb59536,0
878e356c8fc9,0
857230f64a2e,4
a8a6588c8eb7,0
721214151233,0
36865bbc64d6,3
8a87dd2a784e,0
ef4121e9bb67,0
e97ecf4355cb,0
01d9477b1171,0
3b2b91590590,0
e8e44b3160e3,0
760b6f4c6d82,2
0b3efe669365,0
269b44e628eb,3
32ed318235b8,0
2bbd1f99ecc3,3
d3dfd0a2dee6,0
99ecdb41d5e7,1
0a61bddab956,1
cf6551521a35,0
0b00f8a77510,0
9782c0489eca,1
5cbe88914a72,0
3732de8b416f,0
0953c0ac1735,2
d2afca74cbc3,0
29b52f64d2db,1
3aa2b1ce6700,2
cd314653a4d8,0
00b74780d31d,2
f0a2dc580009,0
7d3835e4e63a,3
0304bedad8fe,0
4478b870e549,2
26d60db3bbfd,0
d8404680bba6,2
441117562359,2
aeed1f251ceb,4
44f4ae58990e,2
08037e4490e5,0
0415fc68b176,2
c5a0e84e955d,0
188a9323be03,2
9da74370835a,2
6a57a3db3eff,0
c102db7634d8,1
6061f5b7378d,3
1e036f2e7095,0
5d3c8c1f57da,0
4927945ecfed,0
18b7e34eab8f,0
6a244e855d0e,3
7c629b491d1a,4
a150ff5dfe07,2
42a67337fa8e,2
5995321563b7,0
28751f290ba3,0
cb2f3c5d71a7,1
1a90fad9ffa2,4
57f933d3d7c7,2
ca7570c5925c,2
3fd45879afe6,0
ffa47f6a7bf4,2
6c4ec95dd8ba,0
75369248dba0,0
e1ab92228e60,0
61c2fbd16e38,2
55eac26bd383,1
e9286ddf6ffe,1
1c0e5dd1b14c,2
a1e236fbc863,0
8543a801dce0,2
c334f8688b77,0
fa3e544a7401,2
a4b8de38eac1,3
b65ff67743b2,2
e0313be77035,0
3cd9713c0ecb,0
0eced86c9db8,0
d18f6431ebce,0
e9f3c85a2a02,0
4242c0d87f57,2
8241e43408a8,0
62cc7ddb53b6,2
21abd36095a1,4
2fe06bedb2c4,4
b70cb31b9abb,4
c6a2975228af,2
115e42dd6a81,2
36e4b704b905,0
1f9ccda4ddf2,0
587146a55885,1
7f0ffeb0a333,0
944a233fbf8e,1
44e951e45dca,2
4d009cebabc9,2
5a2c27b95c7c,2
359bab5d784b,0
fe3f62695b2d,0
20c883d3bd38,2
ab03d50bba2f,0
b7bd4a6627b6,0
ccd34029493d,2
08ee569d4721,0
96c699221180,0
2399d68d407f,0
a8aed92940fb,0
415d5c5e785f,0
6c2555a9cae4,2
1db0393cdbc1,0
8ceff4c4c860,0
b7ce561a7328,0
f2c0b41acd05,0
e724866f5084,2
4ec7796df40e,0
15e24b73d4a7,0
345b1f0abbba,0
d968a983d4d2,2
d8cdb7d7283a,2
71f6a6e4620a,1
2a3a1ed1c285,2
da44f80b422b,2
00e4ddff966a,2
0cb6b898389f,0
a47878630dc2,2
041f09eec1e8,2
150f92b45349,0
81bc03e2ff2b,2
bdf47b9f10c4,0
9a7bd084395e,2
b532dedd928c,0
ee36ca728641,0
29bc0e721cfe,4
6c3745a222da,4
07a3be30563b,2
1124ffcd76c2,2
d1fb4efb117c,2
0212dd31f623,0
b5e6ae31493c,0
fb1b8771c70a,0
1601c939412f,0
465c618f7b23,2
da6bbb76d562,0
289a47dcbb82,0
0161338f53cc,2
a95858e052d6,1
62b4be2799ca,0
254052cf3e48,4
03a7f4a5786f,4
57ce57a8cfb0,2
a08a0133754a,0
7a9f45fdf29b,0
87b1938994b5,2
436e1793d240,2
7ad0c4975890,0
d332d7b8a26e,0
76095c338728,0
3c1efa38d0da,2
203275daf46d,2
9eaf735cf01f,1
4b237b958555,0
48fda42bd5d4,2
4cddfc22b0ad,0
7a06ea127e02,0
2f8d14a7d390,0
531b39880c32,1
17d7d6b092f4,0
060e00d1e2ab,0
b99afe7137fb,4
789f0ec1eab8,0
a26f50218b84,0
f56ff0440ed1,0
72c31aa48e2c,0
b5c80d0ed0ff,2
aa10a4b2e709,0
d9bbdc33db83,2
58529a8638d0,2
848e66b9e199,0
b468ebf5cb11,2
0773a1c326ad,0
1002b5151b8e,0
5cde55f745af,2
2dc647e00ad3,0
4c129470cec4,1
e067b06fd655,0
3128eb593012,2
aa60813e1a8d,0
2b88cb6e31cd,2
0c7e82daf5a0,2
37de05ef12a5,2
2f143453bb71,0
6194e0fff071,4
286e9981dd9b,0
8c0d05233238,3
767d777ee889,0
190a309f2cc5,0
e60e4edb3ca9,0
c0f15fe3b4b7,1
2408799a09b2,0
d83c3efade75,2
0d310aba6373,1
fb767cea406c,0
457c7c927e27,3
c1ebe785503a,1
2d9d97a6e713,1
501c319f7a9f,0
d9ad2a0ec026,0
b83a6eca125f,2
9033f1493da1,2
c9ea9d5eab65,3
e96099b961b4,2
8433a032b96c,0
3c42512c81e0,0
a3475dc3ac80,2
188219f2d9c6,0
a66c3165876f,2
10de500cf0c5,0
92f313287a29,2
1844a039b4ea,2
8c4ceddeb1c6,0
b07bc463b718,1
9904939ab83d,2
2d07162a13b1,0
1d14dd912671,2
4462fba1d2a1,4
8d4d14a4ab07,0
f80118bbda18,2
f999c6921e6d,2
144a1a426137,2
9f5a8665cf2e,2
240b25a7debe,0
aec51513cf45,0
6653ad026901,0
1cc58b15f466,0
7b9d519cbd66,0
973b0facfa9b,0
e1418d28d668,2
2d7666b8884f,1
ee77763a6afb,0
500aad15b7c8,0
11b5c77fbf79,2
224bb938e2dd,2
1608c82a263f,0
e82232a3c28b,0
486e852a3b4d,0
eb32a815f78c,2
bb9a3d835a94,1
b4b04d81acbb,0
d5b4705ac2ee,1
b086c7cd3868,0
77baa08a1345,2
628b581aa905,0
624fb7317106,2
09662e462531,0
dd285d9e97fe,0
6d9effbcde78,0
ebf4b22240f4,0
e16fc934069f,2
bcb0498ed2c1,0
8b58f9a338e8,0
7635921c5efb,0
684dd88a0d49,0
04d029cfb612,2
ddb222ff7c1d,0
d5ad3362424c,0
61d9c88a3a4b,0
9c72ed6befa0,4
fefded6bf135,0
bf87aedf2489,0
a62ea0043aa7,2
5056fa7d505f,0
83b61051737f,2
5bf3357a2823,0
8c2f0f04e1ed,1
87295c5fa1cc,0
4294a14c656a,3
3178559fbf57,0
72d98188648f,4
64b9206afb3f,0
a1edf0e66592,0
c1819db0aece,0
8f10e41a2f02,0
d1b279cc02ae,0
61da799bf0aa,0
b6bf847fbcb2,0
1c7a013eeba7,0
76cab26493f1,0
210bfe0127c6,0
7a238a1d3cf3,4
217dad18a5ed,2
c5ad60521f8c,2
fc8fce67fbf8,0
f4de9620e3f2,0
6e3526053de0,0
b9d0b83d70c3,0
6d7d26025122,4
3c9529918097,0
51e656e5a541,0
ad93d88c87ea,0
46c1548d730e,2
10fca1abf338,4
39b5b05d6cd9,2
e52ed5c29c5e,3
89b725411cee,2
810d3779abd9,3
7831ce1d895e,0
4318b6adeb97,0
d1ca85af57c9,0
c57c164bca05,0
cd01f4f83336,0
afc345cc9145,0
44c869174e3a,2
435414ccccf7,0
a1faeb4d5f10,0
a06e41bd2634,2
dec5595e6154,0
b92eacd1392a,0
710b05a96e0f,4
3f73c91b7e32,1
b60dbf9f0744,2
bf811911acf9,0
5ac7a414560e,0
165cd2070ebd,4
3823acc4e464,0
8b26d3cd61e8,2
f09cfc6a4dbd,0
d38cf0f4a9af,0
de38adaae009,0
8af50c9d0a86,0
55968f0e63c4,0
6de39b94f634,0
a07efb1ecfc0,0
a1872f9c0cba,0
4246ed634f25,2
9d75de31f1b8,0
90960ddf4d14,0
91e2c2890c9f,2
44a4d04162cc,0
328d141ed3aa,0
5a93c0f783c4,0
b498b84d383f,2
85f99e7e4052,0
3a643599f852,0
cb602182cde3,2
ccea49708830,0
0cecc2864b7f,0
bf7047dc683c,2
7ea756985353,1
7ce671f952be,0
0f495d87656a,1
7877be80901c,2
52dbec057cc8,2
6298468d7d75,1
41960d5f58c2,0
b085caa513a8,0
2fdffb6160a6,2
15b21c80cc31,0
1002f3fe38f0,0
5f4a8c074bd5,0
ca30a97e9d13,1
63c0eafd6aa9,0
98f48850ebce,2
e96bd80a8a53,1
b13d72ceea26,2
12ce6a1a1f31,1
78b3f819dcc5,4
498f143c0374,3
7214fc7cbe03,0
6cee2e148520,0
c704bd669f36,0
9232dc06cfdc,0
08f8838d69bb,0
29f44aea93a4,2
c62cef02efa2,0
7c90ab025331,4
80f6b30ece8c,0
f71bea807c96,0
f45f1485c940,2
0c76fd494af6,2
1efa5d443707,4
8aa3c4681542,0
8eeac97f02f0,4
408ea9d5e082,4
51d780864365,2
ca2b54b95ade,0
4b5ffea77373,2
c0a117de7d0a,0
44f7f3ef9d50,0
4ed31cc07366,2
0097f532ac9f,0
237c078d00fc,3
be21d8b60e2a,2
57f5ad4b5b29,0
41345cec5957,0
a45d77edf8d9,2
0e94cd271c00,0
f6f7dba7104d,1
75a7bc945b7d,2
3079490a4b9c,0
1b398c0494d1,0
4210809074c1,0
37c4dfe03aba,4
de730033c683,0
23fca0693e2a,2
4826d10030b3,0
34acae864963,0
fe3b0e50be78,0
cbc2e57447c2,2
e7fc93ac5b6d,2
6f460f9968c7,0
5d74f98d62be,4
1c9521878baf,3
99240ee00485,0
00a8624548a9,2
1db6bb46c102,0
90c982cc2d96,1
0af296d2f04a,2
0104b032c141,3
fbcbc81cf9be,0
01f7bb8be950,0
4a0890b08532,2
c1e6fa1ad314,1
3486f7096276,0
9bbb6c455913,0
52ddde91a349,0
dfea19863428,0
80feb1f7ca5e,2
338326891d84,0
cd01672507c9,0
05b1bb2bdb81,0
c7e827fc7f41,2
f62b8a076833,0
b67ae80f7eba,0
bb7e0a2544cd,3
c2a58b2cfd0b,0
b0acd3593310,0
5b32ece9c627,0
7bc2e0fa3f72,2
2923971566fe,0
03e25101e8e8,1
76bc31e0d3be,0
af6166d57f13,0
65dda202653d,0
4c17e85686f0,0
f7fec8935126,1
252305189b3a,0
5ba156a35ff2,0
788ddb0b70b7,3
43f22d1be8dd,0
4c78d9d18da9,2
3218a6d8eb2c,3
aa9b8f05f4bf,2
c06024f05a16,0
94b9ccc73bb9,0
4d21ce39c905,2
58f07741ee3b,0
96ce10a1dbd7,0
38487e1a5b1f,2
504a69096fcb,0
d2dc86021c67,0
22a6da005395,1
1a0dbc6c0cda,0
726dff37edc0,0
12e6e66c80a7,2
7b211d8bd249,4
2735be026d44,2
663a923d5398,2
2209daf71aab,0
04a6fc58dabc,2
8a482c024fc2,0
1b8701231c8f,0
46923eea9a4e,2
4c3c1ed09771,1
2eba4279e503,0
1cb814ed6332,2
851e40a21f81,0
4b6895d0cf8d,0
6a91eb157f47,2
50f5201fd18a,0
9d1feed37610,0
331b87d1b9d1,2
a80dab8eddf4,3
541db13517e2,2
e85d410d6836,2
ad029ba7fa8b,0
5d5b5da5f939,0
6666c4f18396,2
27bab1432f61,2
6c00dd8bf708,0
01c7808d901d,2
e1fb532f55df,3
aa6673241154,4
698d6e422a80,2
e03a74e7d74f,0
a8eb35b3bcd2,2
5264a54e1830,0
27fca9f12b3c,2
c6916bc42016,0
0f96c358a250,3
650fbed3fdca,2
8596a24a14bd,4
2ef955d6d9ff,0
d844a7252f4e,0
f9aa35187bf3,2
8cb6b5b2f19c,2
a963ac561580,0
8785b71238d8,4
ab88081e5654,0
28824d12d31d,2
12ef75375322,0
76b950c6ed5e,0
7a6e384a0846,3
5814cbd2e9bf,0
97d02a9b94f7,0
fed5bb685832,0
549381330191,0
79059d0592c4,2
8f2996b8d855,1
a32b5ce3d48a,4
aa0afc41ed19,2
0ce062f26edc,0
2f4e81787d9b,1
0d0a21fd354f,2
2f42e20db938,3
482088e6be44,0
a95d9d61ddd4,0
d10d315f123f,2
a9c7b83caf81,2
cc3d2e961768,4
e4ae1ee6aada,0
4e82c3c8d31f,1
96a9706b8534,1
f3bb996b45ce,0
1782142e17d9,0
51cfeccaf40d,2
8dfff47b06b7,2
b09101adb478,0
705f508d1e42,0
98277aeb96a7,0
b17f0b81dab3,1
093a42649c29,3
9041eb43456e,2
7cc4b7aabe04,4
6d292ca4c9ad,1
5ed6dc419e4d,2
6bf26b777e3a,0
885fa5fc5da8,0
55fd453001cc,2
c373b73a80c8,0
43e9c66eb0f3,0
2967e578939f,2
65cf00be6fb4,0
c56293f53191,0
97fdee242fea,0
f72adcac5638,4
ba08cee68c71,4
9fefe2b44795,3
9b093fe95d6b,3
31360e44ac64,0
74211a2b6dcf,0
63363410389a,1
f994a3b07935,0
462937ece243,0
5077cdb88aed,0
e7d2c2c3b30f,4
d66b6f333dc7,1
6fe4751a3b42,0
ab7991df166b,0
246e4506824a,2
6cd606dc52e9,4
13d411c85ffd,0
96ea316ed0ab,0
9a4f370d341b,2
e16af45285e5,0
d91635f380b4,0
7eeb191ad06b,0
7e980424868e,0
05339950962e,0
9f436886e056,2
49a4765f8822,2
05e9126dfa5c,0
af7a36454670,0
b7a1bb106051,0
e10190a9d52f,2
17188c13e635,2
8bbd7835e9aa,1
5a03fe3ed15c,2
cb39761f0712,0
55eb405ec71e,4
34723fae6475,2
ae61e19fb766,0
ee3fe7809e6a,0
2ef10194e80d,0
2b5bb6d33959,0
3ac3fbfca7d4,4
66bfec8d6bcd,0
1c47815f4a6b,0
20f86e068276,0
69f43381317b,0
537e5c578f40,0
d866c26d76f0,0
6810410187a0,2
5ca779ace6e7,0
b46b09a45f39,0
3e1f8fecb06f,2
6c9c902a97de,0
2cbfc6182ba2,2
23d7ca170bdb,2
a8dea22ef903,0
36a1e3c780a0,2
b8fb9f55cd6d,2
5288f7441f64,0
2f81ee5f2926,0
d83d0695e215,2
08c17a2d95b7,2
7b87b0015282,0
0125fbd2e791,0
356304d15a5c,0
3a122851e526,2
9c14ce27cbfc,0
de55ed25e0e8,0
1968183f0e61,2
8329e80c10ac,0
342edf9b889d,0
a9bc2f892cb3,0
f4df3d86688d,0
6b91e99c9408,0
daff5427c9b2,0
e1b8acb1cea1,0
93802d1e3c41,0
4d3de40ced3a,0
49386d603494,1
aa4407aab872,0
a12ca80bb8c7,0
63b4d030b016,4
c4e8b1ec8893,2
eb175669d789,0
5bea250d8bf5,0
09935d72892b,1
e599151ca14b,2
0a09aa7356c0,2
d4be0403e6ab,2
8f9819752ca0,0
6b3860e8f64f,0
6b07971c3bf6,1
fe2df69676cf,1
24b943fe725e,1
d1f7ea924a01,0
36041171f441,1
b74de20d73de,0
fecf4c5ae84b,1
33e8e26a75d4,2
49c5e7f6b8d2,1
83fda7c0500b,0
9a159d4674cd,0
838b3e4d0bb4,0
4c53cc97ea13,0
2c827005b8f8,0
3461dc601cc2,1
5a0fe0ee4301,0
a06a63d866b2,0
75a071608ea6,0
cfd1bd0fcbb4,1
165634a6167e,0
8c84e96d9b01,0
941d874c8afb,0
5a5d3798c357,2
e50b0174690d,0
697538183db5,3
bec0acd539b2,3
384db24ebbd7,0
a64273801bde,2
e9ce5bf645ab,0
7d1b40fdbd86,2
e6a58edc5b42,2
51030843fde2,2
6d4f6c9a8406,0
3254e48c8aa0,0
e7a372a1c3a4,2
f5e6226bd2e0,4
e933923aab15,0
41ab357d103f,0
4e7694eebb91,2
906d02fb822d,0
1e8a1fdee5b9,1
e38f3a65b02b,1
dee1031a76ae,0
11b220a397b8,0
7d11dbc1e738,0
c755a0c4edcc,0
7347bd23ba80,0
0024cdab0c1e,1
9568eb7e9c08,2
eeb231c3ef1f,1
e251bdf05b85,0
63e041a757eb,0
6c30dd481717,0
750e0168399d,0
a9b3177f01c0,0
3a4cfea0a766,0
8e20b8fac7c3,2
ace287a5c991,0
7ec0e61a7e29,0
aafe980edd0c,0
06024377d573,2
655cafb4c932,1
ae2e888905ba,0
ef7eb85b75fc,0
13ab8db8c700,1
3e61703b5ab2,0
cd29c88c9e36,2
6e92b1c5ac8e,3
8b079e79035f,0
4a0bba3b7d83,2
7ddcfcea7369,0
7a39c91416e2,0
87b671c6d4c5,0
e387311a840e,2
49d69c4c6290,2
d9c9b9786da3,0
260a455692b5,0
bd500a73beae,0
55092c0071eb,2
cfed7c1172ec,0
4c60f6fcea75,0
2cacdb0dffae,0
b9fe7da14a32,0
25a0a1e41afd,0
fb696a8e055a,4
62ecdc90dd42,2
51da6aebba8f,3
b37aae3c8fe1,4
dde43aa22ae6,2
beeca5f14618,0
571bbdbf585e,0
a673193cd5a9,0
e34fa07bd64d,2
d3d578fe433f,2
dd110d2b8c21,2
8010c931321f,0
b69c224edd6e,0
d3be5346684b,2
6e092b306fe1,2
6b664ed2a938,0
8f06ca4642bd,0
3d2ecffe0386,0
3796af4d987a,4
20d5fdd450ae,4
d48178e4a49b,4
8a7765e785fb,0
875d2ffcbf47,0
e3b47ed5b511,0
e4dcca36ceb4,0
de778495a1cd,2
4f46d7ee61ed,2
f580566e27f5,0
070d4ce5fd90,0
6cdd0f985270,1
d15ca3469b87,2
5d024177e214,2
39aa3cd93c50,3
e69b48516577,0
3a1d3ce00f0c,2
d141728fa392,2
eb1d37b71fd1,4
a015ce4f51ad,2
6daef3e5ca22,4
f8372e80f731,2
f9d8ff3e6592,0
5293576816aa,0
e229aca862c7,2
a4d4b69f7404,3
6d3d1fe6c32a,2
b5bf7b84fc66,0
e1900014dabf,3
86410aa13b3e,0
b762c29cf2f3,2
8fd7ad26e691,4
8fbb2ca39911,0
ee6e39319b39,2
48c49f662f7d,2
c3acf47700ea,2
780f9c237c56,0
1f63d44d9e3c,2
bb11db08584a,1
26fc2358a38d,0
f2d2a0c92034,4
d6e26fe51dce,1
44878f34e31f,0
2fefb720869a,0
a0d04a19cf40,2
15f440753916,3
0a9ec1e99ce4,2
07751b94a88a,0
207a580de0ea,2
5c8482926a08,2
f5733f77273d,0
d16e59a2b33a,0
60edda7b4871,0
9f1efb799b7b,2
4fa26d065ad3,1
cbd0870aa933,4
71c1a3cdbe47,1
a505981d1cab,2
58059e73d2d4,0
1409ab48175a,0
f3a268d2726d,2
c597ef460944,0
762d6e5d5068,3
bdff5d8bddf8,4
4fd5ec0dca09,0
59e5212f7139,1
ae2c3f6312ef,0
e580676516b0,1
2a5a8b744f08,2
fd4c946c52bf,0
9bafbbd152d2,3
6889bc64ab09,2
8a3eb86ae4bd,0
f8fc411092c7,2
94a67ec0714f,2
3b9817a39adf,0
87774aafe068,4
6e44f6d04fc9,0
c96f743915b5,1
d990a3f0cbdb,2
0151781fe50b,0
4958bfcc9f38,0
0cbcc7b23613,0
ad312ca98202,0
3e6bfc4d5c65,2
92889b863ae6,0
2b07790a2422,2
5069feccd866,0
5b3e7197ac1c,3
f298b7d05958,0
e62490b7d0e9,4
80ca40196225,3
a15470303941,2
8acdf12f412a,0
05cd0178ccfe,3
883c6a184f16,0
a04fb36db784,2
6bf2a81a5d91,0
9c514d2d5b3f,0
887c26fc0e1f,4
c9e697117f3f,0
d6228d951958,2
0efc93ec838b,2
66366a90d1ef,0
4b618537d52f,3
c40976189f22,1
86d58f850a0c,0
e893e86dde94,0
665ce639a331,1
384631079d1e,1
b6bfe9db60e5,3
2af1bf226f51,2
5f70ad48a525,2
7a0cff4c24b2,2
1f4bf8e28b41,2
5b76117c4bcb,4
f4c7ae514c54,0
0a4e1a29ffff,0
b2b7ccd34cbd,0
8a25a080f28f,1
0abf0c485f66,0
a07d571bf7ba,0
9a9b21215c55,2
e2a47a74e6e1,2
82deb07a6618,2
25d069089c5e,4
c5e238aa18be,4
4dd14c380696,0
9858cc2ae073,0
b8f1b30877db,2
218c822a3dd9,0
6dc0281f11e3,0
1bea04b2bb2d,2
58c12863f33d,0
fa6f3d8bb1d5,0
404ede327e98,0
a0fd94e2ad76,0
4f7755e74a9e,1
f6d760566a51,0
79ade634c633,0
9a3109657ac1,1
33596a635b53,0
3b10191dfd25,0
b9b99dad668d,1
1411c8ab7161,2
b64e1eef3d63,0
e07045d7c5f7,1
c261b1aaa828,2
ba735b286d62,4
07a0be6b347f,0
cfdbaef73a8b,0
1c5ad36fb799,2
12e3f5f2cb17,1
4d1cf360b2d7,2
393fa5a023a5,0
f460608cf4cc,2
5e52c9fe676f,2
50916d67bb51,0
2221cf5c7935,0
c096131ad065,0
e68746d426b2,0
9e5ec293267c,2
d4bc001f7224,0
e087bd4b88f2,0
4c6c5a1bf5ab,0
9ad92f1c1542,2
c73c5f6ef664,2
1ca91751be4d,0
157d17349cc6,2
0ae2dd2e09ea,0
2e26762daed5,2
1f543a86c4d4,2
a443c4fd489c,1
5e5275ddee29,0
784d6d302f98,0
1b32e1d775ea,4
197af0de76e2,0
00cc2b75cddd,0
49eb73968c44,0
1d74c4713e21,0
b7f0bc7d399e,0
29d059522fa1,0
7e160c8b611e,3
9f935fb38440,0
aa8a1e814811,0
93421787f520,0
40dd4e6e4444,0
ba4e62c11cc0,0
9fab29e69a6b,4
cd3fd04d72f5,2
1177d583c807,2
9ab18a4a957f,0
92e3d608fd3c,0
5511f114e7ee,0
a8c54e2a4b79,1
1f0e223b8055,2
e2161692a0b4,2
3b185ac445d0,4
2d558de2cabe,0
1c13a1483f4a,0
b7983cb3f270,0
ea9c41e1ced0,0
224c14366e11,0
ace2281f00c4,0
3abac0961bfd,0
3ce2f8a77a32,0
7f6690fa390a,0
31616ff6b53b,3
874f8c1929f6,0
59928f999ae7,0
e5de79795c1d,0
3de8ad4151e1,1
a2dff8dbc9f8,0
f69400b316a7,2
7efc91af4ae6,4
67c03349bb31,2
90a786abe58e,0
addf66a50f42,0
5299a532f0e0,0
692e946b1f85,0
3325b1fe55d2,0
a81b06f50612,4
51cd8d2057fa,0
89d2a7403a06,2
9f37c98b8187,3
b8ac328009e0,2
e42d9a94a66d,0
fa0c87bd75ce,0
cf0824f53dd9,2
c52bb7343387,2
d774692d9919,0
73d40ce06a67,0
54bbe3da103e,2
ef8109305128,1
51d574513bcb,2
6fe67482bfae,4
1e9224ccca95,4
ff77e8e5b5f3,2
55034b1dbff2,2
6e018411ba4a,0
d06ccd0cf4b8,1
222d0ac042b4,2
be3a7d9e981e,0
e30a890600e1,0
bb85097857fa,0
e966850247f4,0
962cf85e4f6d,2
d25b8a8ad3c4,2
454a944eb557,0
f1d719c97838,0
5efa24b03d5e,1
4205e9deb058,0
61ac9b0dc6b9,2
51a1d162e223,4
9b32e8ef0ca0,2
ca7140ecf389,1
5a11d21c2828,2
236f56771ec6,2
2cf18033da31,0
f252046c0fe6,0
13d71389563f,2
a34fc5376669,0
fac399455195,2
3b4a5fcbe5e0,4
2a7373eeb352,0
50a2aef380c8,3
b1c6f0997e27,0
3cdda8b3df19,2
ca05f7e7801b,0
67844c46bc61,2
64c6c6ee0d98,0
582f739b8f62,2
42c65af5ab16,0
bfd5c0e55420,2
c0a0828e01b4,3
6762b2b48ea5,1
cc1eebed9276,2
4e0656629d02,1
7c2e852171c0,0
849a91e9ab28,1
22ce8ef69357,2
fc603cbedb41,2
9039cbfcbb2f,0
10bf25731c08,0
43bc7c066dfb,0
44a86263117b,0
3ac92ac3d65a,0
9be0683649ff,0
3694e8c8e09a,0
91a88d3b0358,2
68ddb15a74de,0
d2fb715b0c41,0
4a589edaea60,0
58184d6fd087,1
454792eb6e05,0
4dd9d29eae5d,1
d6f36ec5564a,0
eb1ad14dd281,2
0daddc45d832,0
445a8a6da55c,0
7fe7309d0b4f,0
c3cd0200df79,3
519c6e8f78dc,0
8ac0c44bbf24,4
80a02014b418,1
253e96488cfb,0
187f6ccda87a,4
f025f33b2c9b,4
37c523296d42,0
b21abe5d9722,0
b2ffa3e18559,3
807135cbc438,2
cbf0394039f8,2
2f9b66784109,2
bf9cba745efc,2
9e5737f771c3,0
9dab2e6ba44b,2
042470a92154,3
e529c5757d64,0
c23ff6dcf15e,0
8d4ff745a409,0
8421107255ae,2
4df6a81b476e,3
7e6e90a93aa5,2
72606afaf3da,0
dd90c321d7bc,0
aabd867043cf,0
6fb656d506b2,3
5f51192841f7,0
5b068765e846,1
0da321efbce6,0
295fdc964f6e,2
af5a0bc4e1fa,0
cf603a9ef2d5,1
a2b97d98f130,0
8d62ba9cb22a,2
63c3c571b8ee,2
a821b6ecef33,0
201f6e10c108,0
613028ede6a0,4
a8c950a99107,1
1d11794057ff,1
9ae54843c69a,0
6f0463c1ff18,2
c18a006f7f1d,0
07e827469099,0
de18071c36e6,0
e68bdd36e589,0
88e4399d207c,0
89ee1fa16f90,2
e1dc02a3dc2a,0
75a4343b12f9,0
2bd4d4fbed5c,2
1633f8291a80,0
a247961a5cd9,0
82ac8463fadd,1
a77dbec966d4,1
f9e779a13204,2
e3ec668f6fad,4
cc964bf04dbc,0
ce8d2efd9d4f,0
7356dd08b0ae,2
4e43d05cc2ef,2
521b5377a727,0
fb6b8200b7f8,1
6a905a7202d2,0
80c67efc8101,0
405b4f78658f,3
155e2df6bfcf,0
0da09e3ce8f1,2
8db2ce991101,4
fc1b1841eadf,2
c4aef0d88d1b,0
2a8a9e957a6c,1
b2748ac28fc1,2
975252e325e3,2
e93394175a19,3
f0800723bc63,2
66cd9c28e636,1
821789e9053f,1
e150935f66a6,2
3730c322d35b,0
fce73678f650,0
351e842842a2,0
a5bb85afc6e8,0
094858f005ab,2
c6c2bad91f23,2
1d0b93317aa8,0
1c3a6b4449e9,1
fba493e17448,2
f68690db78d3,0
4a1afe4044f4,0
22d843b2bbd1,0
ab724603ee93,0
d02b79fc3200,0
0f6e645466a2,0
555d0bef3c5b,0
73e83a07a16d,2
35777eb7859d,0
89ed6a0dd53f,1
7d8f67cadc29,2
4a558a1cd243,2
ba0107fb1bfd,0
86fbac86ed3e,2
1e4b3b823b95,2
d91273efb92a,2
8e67f2d7e0ee,0
de50dfa745f8,2
94145d1f42cf,0
417f408ee8e0,2
23148a40ecb0,2
fe0e2dee1834,0
ee78ce914066,1
7ee6de71c140,0
df5ce3ea7820,2
b3819a805dca,4
abf0f56c6f12,2
fd079d2e93a2,0
259d30f693b6,1
0e3572b5884a,0
07a0e34c8d20,3
f48241b0c995,0
0f882877bf13,3
bf7221a016b5,0
ff03f74667df,0
be521870a0ea,0
ecb4500285ed,0
c3b15bf9b4bc,0
26e231747848,2
c8a3eb9a5b52,2
b35cad8fe2d7,0
0318598cfd16,4
74eee788edee,3
c3d12a23f451,4
84b472c49cfa,0
e32dc722eca5,4
7270367410a1,4
3fa4f4d77177,3
f8d62557ad0c,0
6fe67fd7f5d1,0
65f69234c8a7,0
d871895742b1,0
4350a1b2f3cb,0
1cb6961d141c,0
674057ab250c,2
66460ecab347,0
291f581d365e,0
6e861bc3bd7b,0
dcc6c0ad5cad,0
222f3ee3a1e8,4
03676c71ed1b,2
876e1dd12d38,2
c613db1cab27,2
e55188915f9d,1
bda8c973b09d,2
1a1e974a7dbf,0
cf1b9d26d38d,4
a96ff96bbae5,0
39f8935185e6,0
dc6fa1b38b83,2
6df8b7b6e837,0
f481f76a6b75,1
9b95d6203406,2
2a2274bcb00a,0
0afdfe5f422c,2
658ad9f09f5d,0
b16dd4483ca5,0
52886bed8a07,2
84a72e15b23c,1
099021fac3c9,0
07a2b8cabf6b,0
461fa5292fda,0
ababe19ed448,1
bd375ba756b1,0
0369f3efe69b,1
0f364b7d4384,0
360832d84ce0,0
c639d837f5e4,0
1caba2fb38f6,0
2628305cbb29,4
4d1e7def7624,0
5f6db235c04d,0
2ecbc2e3f239,1
e29e54ff921e,0
35beb47fe159,0
4eabad7948cf,0
bb08949dd70a,0
83e529e95b0e,1
9d9bfefa809c,2
4926dea289f8,0
24f271c87e73,0
f451eee2b66b,0
6ea07d19b4ce,1
2dd28ac497d2,0
4403538fb50f,0
7269a1d84a57,0
3c78bfca247b,4
f1979147aad4,0
8bad12d70368,4
d81338217fc5,2
0c917c372572,3
1269ab57c2e6,2
875a2fc5fe23,4
bff51afc76d4,0
83d81ba5959c,0
e47452069ea1,0
6f923b60934b,4
4ab8c0cece7f,0
b6fd109b1bc9,0
835b9f6e12ba,0
c80b0f27541a,0
e265c870f9b3,2
d85588ff2ebd,1
3b9c1f42c2f2,2
3fc219927a97,2
4d7d6928534a,1
a3ad6c2db6f1,1
3b5dffe159b6,0
6e73acb2cf60,4
a06e5ac695ce,0
c21eb81de9fc,0
99c626e58464,0
686ed1dbae20,2
eae70f527755,0
76e589911303,1
349f3c0ac83e,2
164cd5a3a6cd,0
917f76f360b6,2
eeaea2c5ff34,0
c7d0deb71576,0
6089fa333013,3
369229040a34,0
e32a359be36d,3
e26bcae6c67b,0
2b2f5a0f880d,0
ca63fe4f4b52,1
6504b703c429,0
2fb3a8606a77,2
df0886f1e76b,0
09f1111a388a,0
ed246ae1ed08,4
e77a93c3d9a9,0
90b8bf342032,3
a2163f0c2af5,0
9a94e0316ee3,3
a4ee03ecff60,0
76e6a9238570,2
b3f31c371e59,0
2c1d5be654dd,2
290ecdba359f,2
983c98354e9c,0
175dd560810a,2
fc782722a50c,0
929cd3867815,2
7e77b61e1639,0
7a46cfa69bae,0
91f3c4c1e72b,0
4189d4e631ec,2
ee74c3b177e0,2
1ae3c58759fb,0
5de4615a5161,0
dccdf750c962,0
b746a6681ba9,2
c8823cdaf7fa,2
3402124408ea,2
0dbe6c26cedc,0
ef48780f5d5f,0
7c52fe73e748,2
475300735b7f,0
8a9bef2fbd4e,3
847b04287c9c,0
4145dcb25053,0
e79e10907295,0
0851d6a69589,0
99e8bf998285,2
166068a24416,3
d8da9de62743,0
8f14bca04b47,0
069f43616fab,3
a77eb914b383,0
b294927b14b0,0
f850cb51fdba,4
799214e8b07c,0
2b48daf24be0,3
54cab3596214,2
e06d3d4733f0,2
b402daa0864c,2
996f9bba4ef0,0
8ff863f8874f,1
8185ce1cdcef,0
677f087cd697,1
0babc12807b2,0
4a4cb731f91a,0
a7ec056502e7,1
ab653b8554c0,0
12b57dac703e,0
870fbe6eaa68,0
b73d0bcd3d33,0
e03e70bc8bba,2
6fbaaf8eb67a,0
a879c3569552,2
45e4b7eada54,1
8201cab8322d,3
54bdcdecd8f3,0
9910c827e2fe,0
1509d097b69a,0
b98f77098b9d,2
6c6505a0c637,0
b66f23ffa730,0
bf1b7e21e774,2
d667af5742f6,0
4dd71fc7f22b,4
4134b290f5f3,0
467b7d9d811c,2
a8c9fcdbc0be,0
33ffddea8c6e,1
4cf4d528c08e,0
25002fe43f92,2
57a5f1015504,2
54038e56131d,0
da9262d9f5d9,0
0edadb2aa127,3
b0cc9f8d06e4,2
1df3e03a8f5f,1
7ef5ff774a48,1
eabc7c716255,0
15e96e848b46,4
3f8d5c940ba4,2
1ae8c165fd53,2
e01b7bac822b,0
942f544c4e15,0
86e7f98f73f1,2
a0445785e2f7,0
e6552b7432b3,0
c280730cc211,2
bffca6eeb2bf,0
a1b28bcbce00,0
c947bb6cf9f6,0
d41b33fcb94f,2
bd269a1f0e4d,1
6e0f78e188ff,0
1a7e3356b39c,4
c58e5c0c5b33,0
9df31421cdd2,2
d93b61dc8f64,0
0a1076183736,2
26cd40b57ad1,0
65a7fe9482fe,0
4ce74e5eb51d,2
db3cd58aa315,0
d2d523e9f669,0
3601dac9bed7,0
882a71de424e,2
0a85a1e8f9e9,0
18b06f56ab27,1
5a091e8cd95c,1
e25ccfe38e44,1
405085b53d7b,0
ea588d1e5d96,2
4c5ab774a381,0
7aabd768abff,0
a14bbd9a583e,3
15f8d769935c,0
d26bb2ed6e71,0
7dee6bf8b9c1,2
4289af3afbd2,2
8b568d47a1fd,0
e19936582c61,3
9ed6c2b25767,0
5b994ff78547,0
054b1b305160,0
172df1330a60,1
894a37fc3738,0
2cef97083e6f,2
33d72035c27a,0
fd48cf452e9d,2
b8297a2291f5,0
19545647508e,0
b56340f472d2,1
04efb1a284cc,0
f26b02ead915,0
28503940d10b,0
80dbeb0fdc75,0
f91cfa82b9d4,0
2a4520f1f9a3,0
657859f893d9,2
d6df4fe492ec,0
1943983492e5,2
64a13949e879,2
bca2bdc15fc5,2
4e6071b73120,1
c9c563864ab1,0
5ead17e894ae,0
83a63c4a3e4a,0
96793edb1003,0
974c7d7b9c64,0
ec0c9f817b03,0
7a77c3eb468c,0
c48ae5da188e,2
de16416220de,4
f9156aeffc5e,3
111898ab463d,1
599498e9e4bc,0
fc4c2d35c6f8,2
052d9a3fe55a,2
1f5496352859,0
002c21358ce6,0
ea6a53e54d0f,0
4ef7144e24ff,1
ad3fc5076852,1
d6283ded6aea,2
0cae727cf119,0
b0d35981708b,2
478fc46eaa49,0
ef247f28004f,0
ea4dcb055139,2
9d62478042b6,0
d51b3fe0fa1b,4
7526c59c36d3,0
ccd6dcb2f568,0
ed2c06fcc573,2
880edb2cdb69,0
070f67572d03,3
3580a545016d,0
1fddd7c98fd2,0
bcc762618e7d,2
1f4fb37e0854,0
dbb2c63f6f08,3
da9574d35b82,0
51269b77d312,3
a3706ce27869,2
40c24aded50c,0
e868c3da340b,2
1fb455685328,0
82088c6734e6,0
4ef0b485a7da,2
3e3a3955b9c5,3
39134907127a,2
e9ab8413e771,4
4860f7813654,0
3f47f83217b5,2
e6a5e4718873,0
a654b25124c3,0
3206171db5be,4
cd66754e1b3b,0
ea1d045f9fea,2
baaca2f7e1f0,0
24de56d433cd,0
bb45257258cc,1
b0f0fa677d5f,0
76f3473df8a6,0
f18abfa690ab,2
4cde86044ad1,0
35d6c4c50072,1
ef476be214d4,0
f549294e12e1,4
42b93b574f23,2
fdd18ccbbdc5,1
c56e65f74187,1
a476fd984005,2
7a12f49e29df,0
9ac41b9a809e,0
e12b67835e03,2
1ee1eb7943db,2
cd563556cb57,0
82d364726a58,0
5b72ff04333d,1
bfdee9be1f1d,4
a5a2a7003d60,1
9cedf5c7016b,2
0924cec998fa,0
855f0a5442b6,2
15528e740543,2
42af7282349b,0
a125377fb985,2
bb733062f494,2
1ca35d483772,0
d436c06f0490,0
b0619ca93a5f,0
453a1e2754b2,2
934104859e68,0
b06dabab4f09,2
9d74428188bb,2
6b7cf869622a,2
18f1f979d30d,2
e4a44f9158dc,0
300305ce82d2,2
c01eae4b4939,4
40140a925c43,2
cb547e723a16,4
5e18af29d812,2
86722fcd802c,2
51405d042000,2
6b66b0e86f7e,0
ec6f1797a25a,0
071435a218ec,2
5c6194562ed2,2
88e5051f65bd,0
aaaadb174012,0
be197b663520,0
25dc1b41ed9c,2
5257cb536da2,0
ea7e21bab610,0
1da4a17c18c9,0
db4ed1e07aa3,1
1faf8664816c,0
51a078d6d43a,0
57760be09c03,2
ca0f1a17c8e5,2
35df2bc6ae95,0
98e44127872f,0
9a56cfb980ec,0
d9d2631f043c,0
aa5ce75edcf5,2
5a444c32cd9a,0
9122b31414d3,0
da2bdf4236ac,0
44855f666225,2
2b10f138e67d,0
5c817060c0ed,0
3c28fd846b43,0
8906c9ed54a2,0
7eee3d1f1268,0
568455854a11,0
bab776139279,0
d74ccc796517,0
a2b995b81692,0
7bc00e58d419,0
58b866484a05,4
9985375d709f,0
b598bc9753c2,0
73ba798fee25,0
58eb3809f456,0
d9e58e4d8689,0
cff262ed8f4c,0
4528fbbd43a3,0
79d44db3da2d,4
ae1344610ebe,2
12025b34deb8,2
936299166bea,0
bc34f52c37c7,0
7f84284598f5,2
2776d70724d3,2
5347b4c8e9b3,1
19ef4d292196,4
43ddd0ab0cc4,2
18323d8f2470,2
e019b3e0f33d,4
d868acdccb5b,3
4aa3d771c5e4,0
545df1bbcd61,1
d3e56584a481,0
50ddd7d976df,0
4e54ccfd49b2,0
174db0854291,0
3b58b02c89ed,2
3ccf96c1dd6d,4
922586d86cd8,0
a419fcb2dfb5,0
306c841af3fc,0
6efa36d59ada,3
d5a39339ff3d,2
8693ab1fd2be,0
3428230bf1bd,2
a8b637abd96b,0
012a242ac6ff,2
033f2b43de6d,2
a76132e79688,0
527bea76116c,2
547b37da9223,2
7d626a7ffe76,4
f633c474e8b8,0
378963f9df22,4
38b9bb961847,1
e594c19e2e1d,0
4faf4063db8c,0
103abbd8b63e,0
12ae44be0d38,0
6dfd80748e72,2
ac81fc200162,0
7350c50667c5,2
2bbcfdc477db,4
6987804eb464,2
8c29a76fa08c,0
1438288bb2e1,2
362c4a96cebb,2
8860c7b11530,2
de57c9e9fa93,0
6028a575dc27,1
bb752b179751,0
8ead17dfb6a6,0
fa59221cf464,4
763ad1236efe,0
891329021e12,0
5b5b80a3edee,4
c0e15e8e2b46,1
d29b37d110f3,0
226c6ceb9185,0
98fbe56dcc2c,1
1df0a4c23c95,0
65e530ee2e79,2
302bcdb635ff,2
31b5d6fb0256,2
15cc2aef772a,1
03fd50da928d,2
51af8a689511,0
06b71823f9cd,1
7d1da90d3ca9,2
a11bf2edd470,4
aeccef0bdc26,0
7b20210d9120,1
c252da9b41d8,2
85cc6d636898,2
febfb20dc311,0
7550966ef777,2
9b0eb9f41da4,2
16060f05d047,0
db52626d450c,0
4ad6109706e8,2
b10fca20c885,0
c6a145742708,4
6e1db8711879,0
ed648b9bcd95,0
1ec95179cdfe,0
f092febbf5c0,3
38373431d996,0
80b5a9519aec,2
cad5b1a82e60,0
0519b934f6b1,2
6d259b5b4c76,4
956765d5f46d,0
ac2c814949f9,2
4a96c28f3f07,0
ce207b69ff37,3
a73c3d516c59,0
4c570172778b,3
4d167ca69ea8,0
8676427e4625,1
beb00fa6e7c9,0
523d0c2cb4d6,2
612f2df37a1d,4
1d37f1c8b6d8,0
8e63fc4ab532,2
25b4080f598b,0
e7578d8dba72,0
58a9e0d7f7af,0
1006345f70b7,2
0d744aed4d64,0
8d3d67661620,2
14515b8f19b6,2
55f7f018c61c,0
81704925f759,0
0e0fc1d9810c,4
6f4e0538d1e4,2
b3d12069e1c5,2
7ccb267fd394,1
d1fa0f744620,0
89d9c071a56f,1
c9d42d7534e0,2
1fd5d860d4d7,4
44271f3cb18f,0
63c7b0265775,0
ee1ec90b980f,4
ff4cd992667b,0
bc73ce76ec43,1
7d261f986bef,2
cb2201c226d6,0
3a6e9730b298,4
65e6f1bd9875,0
737ef6226677,0
7a42443ed106,0
c6d4e4a3bd4c,0
0afbeeef0ff7,0
143db89c11c8,0
a664d2055886,2
2376e5415458,2
1116271db4ea,1
64678182d8a8,1
65f5d2a6eb7e,0
1b8ad0afe9fb,2
ca1036496659,1
3f98be586fe3,0
48afe8c47454,2
668a319c2d23,0
a0a0cd8af5a6,2
000c1434d8d7,2
ec57cc20d776,0
bfda2fd0533a,2
ad12cde115ab,0
09c8323c612e,0
a0adbe677508,0
b49b2fac2514,4
7bc4dd99eee5,4
3c311c9109b0,2
0dc8d25b3f69,3
03c85870824c,3
664b1f9a2087,4
5152bf091152,2
191cf5668f33,0
780be525036d,0
2a099b247b10,2
39fd8ef3a45c,0
0eff8eacb2f7,2
98441214557f,0
35ac70c0d08f,0
932181b93b2f,2
840527bc6628,2
6c6efb6b1358,1
f61bf44c677c,2
387138ddf43d,0
014508ccb9cb,0
27f82ada84ac,0
a2696f444ecb,1
1dfbede13143,2
d51e5d7484ea,0
093cf723fede,0
5078caaf1f57,0
65e120143825,4
d911dd40c63b,0
331121c65e88,0
8ab3faa3701f,0
687759336b0d,3
9a326446c431,0
599b89048034,2
08bef347f40d,0
27e2be850a99,4
709784f7fcc2,2
524f240e0c90,2
ed2c52c14493,0
9fa02dfb5553,0
4731e708ede3,0
0cd31078cd08,0
535682537302,0
4dc2211a1c31,4
ce754234d760,0
0551676cc2aa,0
fd62bd0db4f1,1
881ec6186e68,0
adb56cecafaf,3
9095d43fb132,0
44e0d56e9d42,2
5b47043942f4,0
cbe633765ea7,0
8c7c26c52a6c,4
4c52922f3bfd,2
2d04cead4d3a,0
70f5caf5f305,2
b0c9a492e068,0
c58971bcebb2,0
c1896142a20a,4
28f93cad89c5,2
24f3e70f0419,0
0fc6829da85b,0
b576c5269ad1,1
1bf30c84bbad,4
7e9081e95bf6,0
050bb1eafa76,0
d803598dabda,4
f9d52509c571,0
f2ee81781411,2
8b8fe3fc8950,0
a11c62cb3f86,0
2a2a6435f7f3,0
a688f20f8895,2
879744b9dc65,2
441affbe99aa,2
53ddae6a619e,0
58af2c054ced,0
8a67f1efa315,2
48543037d0b3,2
1df0431bfa73,0
949710bead24,0
46f56c38051f,2
096436d68d06,0
7ba6b23c4b46,0
8f1e7433a95d,2
f4d3169b468a,0
ad6b07d5c338,0
215d2b7c3fde,0
52edbe29d655,0
1a1b4b2450ca,2
9b70f84400af,0
2665f72e2dd3,3
c5a6f432a1ec,0
